100.39838129728486,-28.966845444775135,-97.59701053389463,18.133955854807013,3.06,0.04,0.05,0.0,3.04,0.0,12.43,12.22,11.43,0.23,18.48,0.0,6.51,3.2,12.07,1.29,-12677.374899999886,-17677.749899999933,-43315.499899999966,-3771.7498999999248,-11984.24989999999,40267.50010000003,71693.12510000009,82199.25010000002,76454.50009999999,-73670.62469999978,24511.500300000112,230346.87530000013,209.00057734191913,0.9836214137393353,0.09908554945502838,0.7364424158329941,1496.5118,61.63567129243598,61.63567129243598,160.29803,103.38803944869154,103.38803944869154,5
100.50479961892164,-28.9771137601131,-97.68401626494219,15.451641361295204,5.54,0.03,0.05,0.0,5.53,0.0,17.28,17.25,9.5,0.17,15.45,0.0,9.27,7.29,10.34,0.97,11434.375100000047,25906.00010000004,424578.00010000006,2869.000100000045,-58643.4999,118207.00010000003,154504.0001000001,172584.00010000003,126418.00010000002,461918.37530000013,62432.50030000008,453506.00030000013,190.67725864085844,0.9832545926353932,0.05813162280004019,0.6693391388783723,1695.7826,65.91321299405824,65.91321299405824,240.71407,106.12437180613925,106.12437180613925,4
104.44870382399358,-21.632136669868565,-94.69217451744073,19.951719368696388,0.17,0.0,0.0,0.0,0.17,0.0,2.51,2.44,33.3,0.55,11.67,0.02,1.85,1.3,6.84,1.35,-17754.24989999994,1849.5001000000445,72753.00010000005,-35414.37489999997,-45845.749899999995,-49829.49989999997,55775.125100000034,67658.50010000005,68221.00010000002,56848.25030000015,-131089.62469999993,191654.6253000001,120.4484049246072,0.986174265664928,0.10612202300345028,0.6818474460965327,2115.8,3.857144230833618,3.857144230833618,-1481.814,176.72099190625258,176.72099190625258,5
106.74904785087904,-23.187681766765355,-97.64595769120407,20.821886072750615,0.44,0.01,0.01,0.0,0.44,0.0,2.7,2.62,29.54,0.45,11.37,0.23,1.73,1.27,6.19,1.0,-28098.24989999994,-156.7498999999392,64628.50010000004,-54456.62489999998,-55448.99989999998,27642.00010000003,43210.12509999997,53141.5001,64903.00010000004,36373.50030000016,-82263.62469999993,161254.6253,138.41236194925872,0.9841474684566699,0.1106494707277347,0.6905461567142871,1322.5366,62.84961565060051,62.84961565060051,-472.53607,129.953653826882,129.953653826882,5
118.49881169449517,-28.506374925420268,-110.6197625127726,23.184860315843704,0.07,0.0,0.01,0.0,0.07,0.0,1.48,1.43,15.81,0.69,8.45,0.12,3.38,1.97,21.95,1.63,-11211.124899999917,1882.5001000000616,55623.00010000005,-53652.999899999966,-30048.749899999966,-44201.49989999997,54179.50010000007,51854.75010000006,67505.50010000002,46294.37530000019,-127903.2496999999,173539.75030000013,151.5103164968035,0.9851046738459438,0.1079451745900377,0.6592118623526968,1236.4462,66.76380308187527,66.76380308187527,-439.27008,131.92705355614729,131.92705355614729,4
115.77037762166336,-26.54416094414875,-107.02199332587973,22.850380687418514,0.1,0.0,0.0,0.0,0.1,0.0,1.61,1.55,17.6,0.69,8.7,0.15,3.04,1.79,20.38,1.48,-31600.749899999937,-38067.249899999995,58089.50010000004,-38158.749899999966,-60827.99989999995,-14929.999899999963,43351.12510000005,70143.75010000003,65891.50010000006,-11578.499699999891,-113916.74969999988,179386.37530000013,143.16040765835896,0.985252374693571,0.10394179805484537,0.6399334766814488,1261.0477,63.96631486991599,63.96631486991599,-330.17172,129.31654359287816,129.31654359287816,5
105.81746320223047,-21.826597473737433,-95.8614489638448,22.571329227703067,0.41,0.0,0.0,0.0,0.41,0.0,2.71,2.61,29.68,0.57,12.14,0.49,1.68,1.4,6.75,1.04,-30002.999899999963,-17938.49989999996,78527.00010000005,-27180.24989999994,-28967.249899999984,-30112.499899999973,63898.375100000005,60183.500100000056,76521.00010000003,30585.50030000013,-86259.9996999999,200602.8753000001,110.96926226367083,0.9870388012680871,0.11466839349830574,0.6832345216453528,1865.6296,68.51854295788195,68.51854295788195,-1264.3704,163.22227905543247,163.22227905543247,5
112.31805274623994,-25.0365036465332,-103.2543439127194,22.496729807093327,0.13,0.0,0.0,0.0,0.13,0.0,1.74,1.69,25.88,0.6,9.55,0.26,2.46,1.57,15.74,1.57,-47398.749899999944,-37016.99989999995,105574.00010000005,-30850.749899999973,-48674.24989999997,-48154.49989999997,36362.00009999999,57792.25010000009,91688.50010000002,21158.250300000145,-127679.49969999993,185842.7503000001,125.63786449840998,0.9867728366790449,0.1062662256249651,0.6732173730075901,1844.5524,60.837230939176,60.837230939176,-492.30832,134.82504679510518,134.82504679510518,6
114.06013877297316,-25.590957559978722,-104.98952519176395,23.905495205577953,0.11,0.0,0.0,0.0,0.11,0.0,1.71,1.65,24.09,0.85,8.96,0.26,2.26,1.64,16.41,1.66,-33677.24989999997,-2388.7498999999734,91982.50010000005,-43593.87489999995,-35023.99989999998,-37403.99989999997,57214.62510000005,48913.00010000005,86126.00010000005,55916.5003000001,-116021.8746999999,192253.62530000013,128.06217237789542,0.9866425112175063,0.09946966595906709,0.6668887214060402,1830.0,61.43375690612043,61.43375690612043,-501.46564,133.29775637271874,133.29775637271874,6
114.55190414186507,-25.85933415939678,-105.5693509988872,23.443359459443275,0.1,0.0,0.0,0.0,0.1,0.0,1.66,1.6,22.04,0.82,8.61,0.22,2.65,1.65,17.74,1.53,-48391.37489999995,-27643.24989999997,125287.50010000005,-44001.374899999966,-40339.24989999998,-26590.49989999997,57227.00010000008,57691.25010000003,87856.50010000003,49252.87530000013,-110931.12469999991,202774.75030000013,121.22332883985479,0.9871924277646347,0.11117155804718659,0.6637365871298835,1831.9011,64.01165105326086,64.01165105326086,-836.12,144.8200503084317,144.8200503084317,5
113.74039114662068,-25.342514219358016,-104.55302173003977,22.60728677677124,0.13,0.0,0.0,0.0,0.13,0.0,1.53,1.49,20.24,0.77,9.81,0.16,2.89,1.7,19.24,1.47,-34908.62489999993,-13256.749899999979,97010.50010000003,-41580.99989999997,-31084.999899999963,-21029.999899999963,68298.12510000008,51961.75010000015,88103.50010000005,48845.12530000012,-93695.9996999999,208363.37530000028,139.50560732253058,0.9856645125307203,0.10798043352851401,0.6615782743019275,1896.6445,62.801227295505996,62.801227295505996,-652.1374,139.62600288651512,139.62600288651512,5
118.92778492518406,-27.681145957997398,-110.27316112195908,22.654796485941887,0.08,0.0,0.0,0.0,0.08,0.0,1.54,1.46,13.72,0.71,7.39,0.11,3.51,1.86,23.75,1.32,-8216.62489999994,5847.750100000063,50133.50010000004,-42961.62489999996,-50499.49989999998,-28988.999899999966,81290.37510000016,75365.50010000008,80659.00010000002,47764.62530000016,-122450.1246999999,237314.87530000025,100.60228849884092,0.9895541900284772,0.10097460252761235,0.6346947474277487,1773.5338,67.82709192508256,67.82709192508256,-983.2909,154.70914524446823,154.70914524446823,10
101.26199697722453,-25.28765017754787,-95.27558853248088,17.938384672511887,3.18,0.02,0.03,0.0,3.16,0.0,12.22,12.05,12.36,0.19,19.76,0.0,6.82,2.75,8.59,0.96,21716.375100000045,29450.250100000034,479938.50010000006,1973.2501000000786,-5901.499899999967,142283.00010000003,121641.00010000003,127426.75010000003,116917.5001,531105.1253000002,138354.75030000013,365985.2503000001,212.91297914561702,0.9829508940509524,0.05977997982852712,0.6138033795265513,1383.2681,75.6886308686298,75.6886308686298,736.6463,87.26426170062688,87.26426170062688,19
109.56462250518777,-22.746783674825387,-99.37455283219256,20.98573320685049,0.11,0.0,0.01,0.0,0.11,0.0,1.64,1.56,25.82,0.45,12.13,0.4,2.08,1.04,9.88,0.79,-45702.74989999995,22854.00010000006,99706.00010000008,-48397.874899999966,-36745.2499,41021.50010000003,89139.00010000006,97072.75010000008,134297.50010000003,76857.25030000019,-44121.624699999935,320509.2503000002,142.7558846612526,0.9848531117277882,0.10248177686673049,0.6808448594722649,1538.7196,57.49737483286587,57.49737483286587,-477.35632,149.62074205771356,149.62074205771356,8
115.70167781972614,-25.077900428625668,-105.79133971875788,21.790645421285717,0.09,0.0,0.0,0.0,0.09,0.0,1.61,1.54,19.95,0.62,7.21,0.13,2.94,1.53,19.35,1.11,-47114.874899999944,5218.750100000061,27049.50010000006,-51777.12489999996,-51989.4999,23669.000100000034,66445.12510000009,78117.75010000006,60759.50010000003,-14846.624699999822,-80097.62469999993,205322.3753000002,136.76954378491914,0.9853737720604451,0.09686704410505685,0.6301572050682078,1484.8976,51.64392077100406,51.64392077100406,-599.8209,157.89557810854646,157.89557810854646,6
108.3949368970196,-21.386992725523857,-97.41490390369111,22.265579373053782,0.24,0.01,0.01,0.0,0.24,0.0,1.46,1.42,22.65,0.73,13.38,0.25,2.74,1.54,15.2,1.43,-56718.12489999997,34600.75010000003,118191.50010000003,-73368.74989999998,-44956.99990000001,64326.00010000002,104839.50010000008,66944.75010000003,60125.50010000003,96074.12530000009,-53999.74969999997,231909.75030000016,211.25961543093814,0.979180385283186,0.08985772952631449,0.5608107668945823,1327.4652,71.86587902680883,71.86587902680883,630.24786,101.0859510050727,101.0859510050727,4
114.40922149260939,-25.25796562246298,-104.97988571148623,21.624644317943545,0.22,0.0,0.0,0.0,0.22,0.0,1.81,1.66,21.22,0.57,10.09,0.17,2.82,1.42,14.41,1.1,-30697.87489999993,3119.0001000000434,93386.00010000008,-64109.87489999999,-32396.24989999998,61671.50010000002,58640.25010000006,69289.00010000002,71082.00010000002,65807.12530000019,-34834.62469999994,199011.2503000001,160.98689982389593,0.9830104050419568,0.10918908769012191,0.6298120098688174,1546.7035,76.55916689161523,76.55916689161523,-63.78857,125.81147287217871,125.81147287217871,3
109.35250025917001,-22.99031602011947,-99.41355186287477,19.93081300595821,0.25,0.0,0.01,0.0,0.24,0.0,1.92,1.85,26.28,0.39,11.3,0.29,2.05,1.07,7.56,1.06,-31988.37489999999,15946.500100000037,157339.00010000006,-78720.87489999998,-34516.99989999999,45108.00010000002,65853.3751000001,40610.75010000004,69037.50010000009,141297.1253000001,-68129.87469999994,175501.62530000025,158.11326456471727,0.982380945520352,0.12234935562018596,0.6665337429997014,1513.5712,67.33993914285657,67.33993914285657,1.8949275,129.2826539295164,129.2826539295164,9
110.88912209379636,-23.090463293213382,-100.63114583333333,20.607613472548927,0.39,0.0,0.01,0.0,0.39,0.0,1.74,1.62,25.71,0.46,10.9,0.23,2.31,1.07,9.94,1.15,-33456.87489999996,-6773.749899999953,129026.50010000008,-69339.62489999998,-40297.99989999996,24074.000100000034,61469.37510000008,62664.50010000009,79761.0001,88795.87530000016,-85563.6246999999,203894.8753000002,144.9591767912271,0.9845272342518723,0.1048606748358104,0.6734399680025319,1512.8915,76.3485383603726,76.3485383603726,243.4026,117.92861280058727,117.92861280058727,12
114.27049702687142,-24.97034878380364,-104.64580810307662,18.849848973661963,0.04,0.0,0.0,0.0,0.04,0.0,2.9,2.77,16.97,0.33,9.98,0.0,4.03,2.37,17.52,1.46,-17481.374899999933,7668.750100000047,149123.5001000001,-45125.874899999915,-49271.49989999996,-52630.99989999994,57709.000100000056,59865.00010000006,84912.00010000006,139310.87530000022,-147028.3746999998,202486.0003000002,20.88394890923655,0.9977410646112694,0.12368666762346517,0.685625950985135,0,0,0,0,0,0,3
106.50816171794077,-22.23455505099417,-96.70078693643096,19.513414818143897,0.49,0.01,0.01,0.0,0.48,0.0,2.42,2.31,26.22,0.47,13.72,0.12,2.26,1.02,7.72,1.37,-38829.12489999997,32678.250100000037,140798.50010000003,-71215.9999,-37929.49989999996,91161.00010000002,90854.62510000006,71288.25010000006,51328.50010000001,134647.6253000001,-17984.499699999942,213471.37530000013,177.83338019514662,0.9815182336336754,0.12461047586195009,0.6293329556447808,1435.1367,69.15699314617167,69.15699314617167,122.356804,115.39753643586022,115.39753643586022,7
108.73244114543965,-22.353771945249292,-98.44255187774698,18.2868566503633,0.25,0.0,0.0,0.0,0.25,0.0,1.79,1.6,21.11,0.36,13.15,0.01,2.94,1.32,15.61,1.48,-19378.624899999966,21357.000100000052,165514.00010000003,-34934.74989999993,-40095.249899999966,-3944.499899999964,49969.1251000001,63047.000100000085,67784.00010000005,167492.37530000013,-78974.49969999987,180800.12530000025,127.02439201176887,0.9876561864351966,0.1100995055471877,0.6816936571083994,1758.2609,30.108706182411474,30.108706182411474,-1388.5428,169.71434458329577,169.71434458329577,6
104.4300448954659,-21.46923541671041,-94.54729025380729,19.976271732390064,0.38,0.0,0.01,0.0,0.38,0.0,2.47,2.38,27.08,0.36,14.86,0.26,2.24,1.01,7.43,1.16,-45996.874899999995,35382.000100000056,196172.00010000003,-29310.999899999988,-40873.24990000002,107273.50010000002,51188.00009999997,51483.25009999998,59414.50010000005,185557.1253000001,37089.250300000014,162085.7503,191.46807276194332,0.9804376432270961,0.10800493145581043,0.6258411695171018,1470.5018,69.74450999546984,69.74450999546984,-365.90256,133.9487648151201,133.9487648151201,14
111.07674376482845,-27.741231288361536,-104.51219393441532,18.53479363542759,1.39,0.01,0.01,0.0,1.38,0.0,7.34,7.11,11.37,0.23,18.33,0.0,7.91,3.29,7.32,1.01,27181.62510000005,53912.50010000005,541503.0001,-23227.749899999963,-15221.74989999997,115990.50010000003,174967.75010000003,137745.25010000003,125772.50010000002,622597.1253000001,77541.0003000001,438485.5003000001,224.171946832426,0.983203849757765,0.1215065065586725,0.6371837007821224,1483.9044,74.16056532256515,74.16056532256515,672.77313,90.52685098329293,90.52685098329293,14
100.29702486698126,-14.669369601171233,-86.01761484403433,21.289519437299674,0.57,0.0,0.01,0.0,0.57,0.0,2.42,2.31,26.51,0.64,18.8,0.17,3.35,1.53,10.65,1.59,-53457.24989999997,36287.75010000002,219713.50010000006,-48653.374899999995,-73138.99990000001,57102.00010000002,86130.12510000008,73769.75010000008,85755.50010000002,202544.0003000001,-64690.374699999986,245655.3753000002,174.77660524703396,0.9836950698039338,0.09641238128503202,0.6347425019831897,1183.4338,74.04866429598742,74.04866429598742,663.5739,100.49488079883456,100.49488079883456,14
113.59248480957453,-25.584413566030832,-104.63822281973488,23.544177344159973,0.19,0.0,0.01,0.0,0.19,0.0,2.42,2.35,17.48,0.85,10.75,0.15,5.71,3.58,18.61,1.77,-24191.99989999995,34913.50010000005,125637.00010000006,-40421.62489999997,-55473.24990000001,84975.50010000003,45342.125100000056,45204.75010000004,48909.500099999976,136358.50030000016,-10919.374699999957,139456.37530000007,243.12480034458758,0.9766689503039718,0.07942838197865329,0.5997540831415982,1303.4175,77.90402234504639,77.90402234504639,461.6108,109.83497040868721,109.83497040868721,5
100.39838129728486,-28.966845444775135,-97.59701053389463,18.133955854807013,3.06,0.04,0.05,0.0,3.04,0.0,12.43,12.22,11.43,0.23,18.48,0.0,6.51,3.2,12.07,1.29,-12677.374899999886,-17677.749899999933,-43315.499899999966,-3771.7498999999248,-11984.24989999999,40267.50010000003,71693.12510000009,82199.25010000002,76454.50009999999,-73670.62469999978,24511.500300000112,230346.87530000013,209.00057734191913,0.9836214137393353,0.09908554945502838,0.7364424158329941,1496.5118,61.63567129243598,61.63567129243598,160.29803,103.38803944869154,103.38803944869154,5
100.50479961892164,-28.9771137601131,-97.68401626494219,15.451641361295204,5.54,0.03,0.05,0.0,5.53,0.0,17.28,17.25,9.5,0.17,15.45,0.0,9.27,7.29,10.34,0.97,11434.375100000047,25906.00010000004,424578.00010000006,2869.000100000045,-58643.4999,118207.00010000003,154504.0001000001,172584.00010000003,126418.00010000002,461918.37530000013,62432.50030000008,453506.00030000013,190.67725864085844,0.9832545926353932,0.05813162280004019,0.6693391388783723,1695.7826,65.91321299405824,65.91321299405824,240.71407,106.12437180613925,106.12437180613925,4
104.44870382399358,-21.632136669868565,-94.69217451744073,19.951719368696388,0.17,0.0,0.0,0.0,0.17,0.0,2.51,2.44,33.3,0.55,11.67,0.02,1.85,1.3,6.84,1.35,-17754.24989999994,1849.5001000000445,72753.00010000005,-35414.37489999997,-45845.749899999995,-49829.49989999997,55775.125100000034,67658.50010000005,68221.00010000002,56848.25030000015,-131089.62469999993,191654.6253000001,120.4484049246072,0.986174265664928,0.10612202300345028,0.6818474460965327,2115.8,3.857144230833618,3.857144230833618,-1481.814,176.72099190625258,176.72099190625258,5
106.74904785087904,-23.187681766765355,-97.64595769120407,20.821886072750615,0.44,0.01,0.01,0.0,0.44,0.0,2.7,2.62,29.54,0.45,11.37,0.23,1.73,1.27,6.19,1.0,-28098.24989999994,-156.7498999999392,64628.50010000004,-54456.62489999998,-55448.99989999998,27642.00010000003,43210.12509999997,53141.5001,64903.00010000004,36373.50030000016,-82263.62469999993,161254.6253,138.41236194925872,0.9841474684566699,0.1106494707277347,0.6905461567142871,1322.5366,62.84961565060051,62.84961565060051,-472.53607,129.953653826882,129.953653826882,5
118.49881169449517,-28.506374925420268,-110.6197625127726,23.184860315843704,0.07,0.0,0.01,0.0,0.07,0.0,1.48,1.43,15.81,0.69,8.45,0.12,3.38,1.97,21.95,1.63,-11211.124899999917,1882.5001000000616,55623.00010000005,-53652.999899999966,-30048.749899999966,-44201.49989999997,54179.50010000007,51854.75010000006,67505.50010000002,46294.37530000019,-127903.2496999999,173539.75030000013,151.5103164968035,0.9851046738459438,0.1079451745900377,0.6592118623526968,1236.4462,66.76380308187527,66.76380308187527,-439.27008,131.92705355614729,131.92705355614729,4
115.77037762166336,-26.54416094414875,-107.02199332587973,22.850380687418514,0.1,0.0,0.0,0.0,0.1,0.0,1.61,1.55,17.6,0.69,8.7,0.15,3.04,1.79,20.38,1.48,-31600.749899999937,-38067.249899999995,58089.50010000004,-38158.749899999966,-60827.99989999995,-14929.999899999963,43351.12510000005,70143.75010000003,65891.50010000006,-11578.499699999891,-113916.74969999988,179386.37530000013,143.16040765835896,0.985252374693571,0.10394179805484537,0.6399334766814488,1261.0477,63.96631486991599,63.96631486991599,-330.17172,129.31654359287816,129.31654359287816,5
105.81746320223047,-21.826597473737433,-95.8614489638448,22.571329227703067,0.41,0.0,0.0,0.0,0.41,0.0,2.71,2.61,29.68,0.57,12.14,0.49,1.68,1.4,6.75,1.04,-30002.999899999963,-17938.49989999996,78527.00010000005,-27180.24989999994,-28967.249899999984,-30112.499899999973,63898.375100000005,60183.500100000056,76521.00010000003,30585.50030000013,-86259.9996999999,200602.8753000001,110.96926226367083,0.9870388012680871,0.11466839349830574,0.6832345216453528,1865.6296,68.51854295788195,68.51854295788195,-1264.3704,163.22227905543247,163.22227905543247,5
112.31805274623994,-25.0365036465332,-103.2543439127194,22.496729807093327,0.13,0.0,0.0,0.0,0.13,0.0,1.74,1.69,25.88,0.6,9.55,0.26,2.46,1.57,15.74,1.57,-47398.749899999944,-37016.99989999995,105574.00010000005,-30850.749899999973,-48674.24989999997,-48154.49989999997,36362.00009999999,57792.25010000009,91688.50010000002,21158.250300000145,-127679.49969999993,185842.7503000001,125.63786449840998,0.9867728366790449,0.1062662256249651,0.6732173730075901,1844.5524,60.837230939176,60.837230939176,-492.30832,134.82504679510518,134.82504679510518,6
114.06013877297316,-25.590957559978722,-104.98952519176395,23.905495205577953,0.11,0.0,0.0,0.0,0.11,0.0,1.71,1.65,24.09,0.85,8.96,0.26,2.26,1.64,16.41,1.66,-33677.24989999997,-2388.7498999999734,91982.50010000005,-43593.87489999995,-35023.99989999998,-37403.99989999997,57214.62510000005,48913.00010000005,86126.00010000005,55916.5003000001,-116021.8746999999,192253.62530000013,128.06217237789542,0.9866425112175063,0.09946966595906709,0.6668887214060402,1830.0,61.43375690612043,61.43375690612043,-501.46564,133.29775637271874,133.29775637271874,6
114.55190414186507,-25.85933415939678,-105.5693509988872,23.443359459443275,0.1,0.0,0.0,0.0,0.1,0.0,1.66,1.6,22.04,0.82,8.61,0.22,2.65,1.65,17.74,1.53,-48391.37489999995,-27643.24989999997,125287.50010000005,-44001.374899999966,-40339.24989999998,-26590.49989999997,57227.00010000008,57691.25010000003,87856.50010000003,49252.87530000013,-110931.12469999991,202774.75030000013,121.22332883985479,0.9871924277646347,0.11117155804718659,0.6637365871298835,1831.9011,64.01165105326086,64.01165105326086,-836.12,144.8200503084317,144.8200503084317,5
113.74039114662068,-25.342514219358016,-104.55302173003977,22.60728677677124,0.13,0.0,0.0,0.0,0.13,0.0,1.53,1.49,20.24,0.77,9.81,0.16,2.89,1.7,19.24,1.47,-34908.62489999993,-13256.749899999979,97010.50010000003,-41580.99989999997,-31084.999899999963,-21029.999899999963,68298.12510000008,51961.75010000015,88103.50010000005,48845.12530000012,-93695.9996999999,208363.37530000028,139.50560732253058,0.9856645125307203,0.10798043352851401,0.6615782743019275,1896.6445,62.801227295505996,62.801227295505996,-652.1374,139.62600288651512,139.62600288651512,5
118.92778492518406,-27.681145957997398,-110.27316112195908,22.654796485941887,0.08,0.0,0.0,0.0,0.08,0.0,1.54,1.46,13.72,0.71,7.39,0.11,3.51,1.86,23.75,1.32,-8216.62489999994,5847.750100000063,50133.50010000004,-42961.62489999996,-50499.49989999998,-28988.999899999966,81290.37510000016,75365.50010000008,80659.00010000002,47764.62530000016,-122450.1246999999,237314.87530000025,100.60228849884092,0.9895541900284772,0.10097460252761235,0.6346947474277487,1773.5338,67.82709192508256,67.82709192508256,-983.2909,154.70914524446823,154.70914524446823,10
101.26199697722453,-25.28765017754787,-95.27558853248088,17.938384672511887,3.18,0.02,0.03,0.0,3.16,0.0,12.22,12.05,12.36,0.19,19.76,0.0,6.82,2.75,8.59,0.96,21716.375100000045,29450.250100000034,479938.50010000006,1973.2501000000786,-5901.499899999967,142283.00010000003,121641.00010000003,127426.75010000003,116917.5001,531105.1253000002,138354.75030000013,365985.2503000001,212.91297914561702,0.9829508940509524,0.05977997982852712,0.6138033795265513,1383.2681,75.6886308686298,75.6886308686298,736.6463,87.26426170062688,87.26426170062688,19
109.56462250518777,-22.746783674825387,-99.37455283219256,20.98573320685049,0.11,0.0,0.01,0.0,0.11,0.0,1.64,1.56,25.82,0.45,12.13,0.4,2.08,1.04,9.88,0.79,-45702.74989999995,22854.00010000006,99706.00010000008,-48397.874899999966,-36745.2499,41021.50010000003,89139.00010000006,97072.75010000008,134297.50010000003,76857.25030000019,-44121.624699999935,320509.2503000002,142.7558846612526,0.9848531117277882,0.10248177686673049,0.6808448594722649,1538.7196,57.49737483286587,57.49737483286587,-477.35632,149.62074205771356,149.62074205771356,8
115.70167781972614,-25.077900428625668,-105.79133971875788,21.790645421285717,0.09,0.0,0.0,0.0,0.09,0.0,1.61,1.54,19.95,0.62,7.21,0.13,2.94,1.53,19.35,1.11,-47114.874899999944,5218.750100000061,27049.50010000006,-51777.12489999996,-51989.4999,23669.000100000034,66445.12510000009,78117.75010000006,60759.50010000003,-14846.624699999822,-80097.62469999993,205322.3753000002,136.76954378491914,0.9853737720604451,0.09686704410505685,0.6301572050682078,1484.8976,51.64392077100406,51.64392077100406,-599.8209,157.89557810854646,157.89557810854646,6
108.3949368970196,-21.386992725523857,-97.41490390369111,22.265579373053782,0.24,0.01,0.01,0.0,0.24,0.0,1.46,1.42,22.65,0.73,13.38,0.25,2.74,1.54,15.2,1.43,-56718.12489999997,34600.75010000003,118191.50010000003,-73368.74989999998,-44956.99990000001,64326.00010000002,104839.50010000008,66944.75010000003,60125.50010000003,96074.12530000009,-53999.74969999997,231909.75030000016,211.25961543093814,0.979180385283186,0.08985772952631449,0.5608107668945823,1327.4652,71.86587902680883,71.86587902680883,630.24786,101.0859510050727,101.0859510050727,4
114.40922149260939,-25.25796562246298,-104.97988571148623,21.624644317943545,0.22,0.0,0.0,0.0,0.22,0.0,1.81,1.66,21.22,0.57,10.09,0.17,2.82,1.42,14.41,1.1,-30697.87489999993,3119.0001000000434,93386.00010000008,-64109.87489999999,-32396.24989999998,61671.50010000002,58640.25010000006,69289.00010000002,71082.00010000002,65807.12530000019,-34834.62469999994,199011.2503000001,160.98689982389593,0.9830104050419568,0.10918908769012191,0.6298120098688174,1546.7035,76.55916689161523,76.55916689161523,-63.78857,125.81147287217871,125.81147287217871,3
109.35250025917001,-22.99031602011947,-99.41355186287477,19.93081300595821,0.25,0.0,0.01,0.0,0.24,0.0,1.92,1.85,26.28,0.39,11.3,0.29,2.05,1.07,7.56,1.06,-31988.37489999999,15946.500100000037,157339.00010000006,-78720.87489999998,-34516.99989999999,45108.00010000002,65853.3751000001,40610.75010000004,69037.50010000009,141297.1253000001,-68129.87469999994,175501.62530000025,158.11326456471727,0.982380945520352,0.12234935562018596,0.6665337429997014,1513.5712,67.33993914285657,67.33993914285657,1.8949275,129.2826539295164,129.2826539295164,9
110.88912209379636,-23.090463293213382,-100.63114583333333,20.607613472548927,0.39,0.0,0.01,0.0,0.39,0.0,1.74,1.62,25.71,0.46,10.9,0.23,2.31,1.07,9.94,1.15,-33456.87489999996,-6773.749899999953,129026.50010000008,-69339.62489999998,-40297.99989999996,24074.000100000034,61469.37510000008,62664.50010000009,79761.0001,88795.87530000016,-85563.6246999999,203894.8753000002,144.9591767912271,0.9845272342518723,0.1048606748358104,0.6734399680025319,1512.8915,76.3485383603726,76.3485383603726,243.4026,117.92861280058727,117.92861280058727,12
114.27049702687142,-24.97034878380364,-104.64580810307662,18.849848973661963,0.04,0.0,0.0,0.0,0.04,0.0,2.9,2.77,16.97,0.33,9.98,0.0,4.03,2.37,17.52,1.46,-17481.374899999933,7668.750100000047,149123.5001000001,-45125.874899999915,-49271.49989999996,-52630.99989999994,57709.000100000056,59865.00010000006,84912.00010000006,139310.87530000022,-147028.3746999998,202486.0003000002,20.88394890923655,0.9977410646112694,0.12368666762346517,0.685625950985135,0,0,0,0,0,0,3
106.50816171794077,-22.23455505099417,-96.70078693643096,19.513414818143897,0.49,0.01,0.01,0.0,0.48,0.0,2.42,2.31,26.22,0.47,13.72,0.12,2.26,1.02,7.72,1.37,-38829.12489999997,32678.250100000037,140798.50010000003,-71215.9999,-37929.49989999996,91161.00010000002,90854.62510000006,71288.25010000006,51328.50010000001,134647.6253000001,-17984.499699999942,213471.37530000013,177.83338019514662,0.9815182336336754,0.12461047586195009,0.6293329556447808,1435.1367,69.15699314617167,69.15699314617167,122.356804,115.39753643586022,115.39753643586022,7
108.73244114543965,-22.353771945249292,-98.44255187774698,18.2868566503633,0.25,0.0,0.0,0.0,0.25,0.0,1.79,1.6,21.11,0.36,13.15,0.01,2.94,1.32,15.61,1.48,-19378.624899999966,21357.000100000052,165514.00010000003,-34934.74989999993,-40095.249899999966,-3944.499899999964,49969.1251000001,63047.000100000085,67784.00010000005,167492.37530000013,-78974.49969999987,180800.12530000025,127.02439201176887,0.9876561864351966,0.1100995055471877,0.6816936571083994,1758.2609,30.108706182411474,30.108706182411474,-1388.5428,169.71434458329577,169.71434458329577,6
104.4300448954659,-21.46923541671041,-94.54729025380729,19.976271732390064,0.38,0.0,0.01,0.0,0.38,0.0,2.47,2.38,27.08,0.36,14.86,0.26,2.24,1.01,7.43,1.16,-45996.874899999995,35382.000100000056,196172.00010000003,-29310.999899999988,-40873.24990000002,107273.50010000002,51188.00009999997,51483.25009999998,59414.50010000005,185557.1253000001,37089.250300000014,162085.7503,191.46807276194332,0.9804376432270961,0.10800493145581043,0.6258411695171018,1470.5018,69.74450999546984,69.74450999546984,-365.90256,133.9487648151201,133.9487648151201,14
111.07674376482845,-27.741231288361536,-104.51219393441532,18.53479363542759,1.39,0.01,0.01,0.0,1.38,0.0,7.34,7.11,11.37,0.23,18.33,0.0,7.91,3.29,7.32,1.01,27181.62510000005,53912.50010000005,541503.0001,-23227.749899999963,-15221.74989999997,115990.50010000003,174967.75010000003,137745.25010000003,125772.50010000002,622597.1253000001,77541.0003000001,438485.5003000001,224.171946832426,0.983203849757765,0.1215065065586725,0.6371837007821224,1483.9044,74.16056532256515,74.16056532256515,672.77313,90.52685098329293,90.52685098329293,14
100.29702486698126,-14.669369601171233,-86.01761484403433,21.289519437299674,0.57,0.0,0.01,0.0,0.57,0.0,2.42,2.31,26.51,0.64,18.8,0.17,3.35,1.53,10.65,1.59,-53457.24989999997,36287.75010000002,219713.50010000006,-48653.374899999995,-73138.99990000001,57102.00010000002,86130.12510000008,73769.75010000008,85755.50010000002,202544.0003000001,-64690.374699999986,245655.3753000002,174.77660524703396,0.9836950698039338,0.09641238128503202,0.6347425019831897,1183.4338,74.04866429598742,74.04866429598742,663.5739,100.49488079883456,100.49488079883456,14
113.59248480957453,-25.584413566030832,-104.63822281973488,23.544177344159973,0.19,0.0,0.01,0.0,0.19,0.0,2.42,2.35,17.48,0.85,10.75,0.15,5.71,3.58,18.61,1.77,-24191.99989999995,34913.50010000005,125637.00010000006,-40421.62489999997,-55473.24990000001,84975.50010000003,45342.125100000056,45204.75010000004,48909.500099999976,136358.50030000016,-10919.374699999957,139456.37530000007,243.12480034458758,0.9766689503039718,0.07942838197865329,0.5997540831415982,1303.4175,77.90402234504639,77.90402234504639,461.6108,109.83497040868721,109.83497040868721,5
102.30249573845742,-18.953982687660975,-90.94914094212788,28.272907553849812,0.21,0.0,0.0,0.0,0.21,0.0,3.47,3.47,27.8,1.18,16.91,1.06,3.05,2.51,8.11,1.28,-11906.37489999999,58386.75010000003,247169.50010000003,-40364.624899999966,-33333.249899999966,16303.500100000032,44424.875100000056,36242.75010000003,71721.50010000003,293649.8753000001,-57394.3746999999,152389.12530000013,151.45286949773333,0.9842710800744764,0.06863588119587519,0.6012035333115152,1746.3466,73.00992693707238,73.00992693707238,-405.13043,133.30439489448742,133.30439489448742,3
108.06556784371412,-21.303111644542074,-97.1036954058887,28.397213651438715,0.21,0.0,0.01,0.0,0.21,0.0,2.16,2.16,22.2,1.69,14.8,0.5,4.84,3.41,13.07,1.45,-63531.624900000024,15944.500100000034,215093.00010000003,-21354.12489999998,-50118.74989999998,5008.500100000024,52202.25010000008,75652.75010000005,61317.500100000034,167505.87530000004,-66464.37469999994,189172.50030000016,229.38068807156628,0.9781649260492614,0.08318849321580679,0.5873728520921015,1340.8743,65.64573758150564,65.64573758150564,245.08252,116.1650889554498,116.1650889554498,3
129.81529453743946,-28.941301396587445,-119.34326427381652,47.17469801851599,0.17,0.0,0.01,0.0,0.17,0.0,1.72,1.69,13.25,4.18,11.07,3.66,2.02,1.46,4.54,1.5,-54138.499899999995,-59384.74990000002,263120.50010000006,-11788.999899999963,-16775.249899999963,139991.50010000003,4813.750100000041,25323.0001,38582.00010000006,149597.25030000004,111427.2503000001,68718.7503000001,144.03967038626837,0.9798702421751093,0.10285156076311983,0.654392835153645,1693.3981,60.449670223460096,60.449670223460096,1717.702,69.10945191036272,69.10945191036272,14
105.74447712939343,-19.063011080010714,-93.58373649691359,26.866785342481577,0.24,0.0,0.0,0.0,0.24,0.0,1.63,1.62,35.02,1.54,12.96,0.28,1.9,1.67,10.79,1.78,-35906.62489999998,21193.25010000006,195432.50010000003,-22500.49989999996,-33983.24989999997,-29940.49989999994,109640.87510000009,121617.2501000001,154900.50010000003,180719.1253000001,-86424.24969999987,386158.6253000002,81.25610188984497,0.9911661196864829,0.07680386217961847,0.6372081714261477,0,0,0,-1378.75,164.75005808604953,164.75005808604953,5
119.15364336192296,-26.58737590457994,-109.56018623498784,34.490746589251096,0.13,0.0,0.01,0.0,0.13,0.0,1.59,1.56,12.64,2.44,12.81,0.57,2.98,2.52,21.99,1.6,-63725.37490000001,2008.5001000000377,121897.00010000006,-52160.37489999997,-42700.999899999995,82078.00010000003,139057.87510000003,105366.00010000003,106376.00010000006,60180.125300000094,-12783.374699999928,350799.87530000013,187.14494172711622,0.9825793249972806,0.08154391952566638,0.6198329270631525,1394.8257,70.36357061812934,70.36357061812934,471.06207,97.1546614436515,97.1546614436515,14
114.9297671001914,-23.93173148869887,-104.29791107209343,32.63868218878172,0.16,0.0,0.01,0.0,0.16,0.0,1.79,1.78,13.9,2.11,13.04,0.41,2.89,2.49,27.22,2.09,-36333.4999,11410.000100000036,195564.00010000006,-17937.499899999966,-34797.249899999944,50785.50010000002,99688.12510000006,134111.25010000006,127312.50010000002,170640.5003000001,-1949.2496999998912,361111.87530000013,171.89903293859916,0.9838552398596155,0.07848829858381055,0.6206769374274259,1321.5825,53.645650205093446,53.645650205093446,-725.9711,142.98081897092092,142.98081897092092,10
108.72874809941979,-22.214023473586966,-98.32737127669998,29.33922555077548,0.26,0.0,0.0,0.0,0.26,0.0,2.81,2.79,25.65,1.26,14.95,1.17,2.14,1.64,6.6,1.53,-18594.12489999996,11170.250100000065,240644.50010000006,-58840.2499,-70069.49989999997,-52472.99989999996,64845.2501000001,71583.00010000005,98420.00010000003,233220.62530000016,-181382.74969999993,234848.2503000002,77.09870871616587,0.9918137178864098,0.0899103664571116,0.6804229967262262,1924.0,1.0000003498177976,1.0000003498177976,0,0,0,3
116.24674468559286,-26.329140168991984,-107.20146181955293,31.820270574492458,0.23,0.0,0.01,0.0,0.23,0.0,1.71,1.7,17.92,2.23,13.72,0.6,2.56,2.13,12.77,1.77,-17119.874899999937,3080.2501000000225,209874.50010000006,-12788.499899999953,-41764.74989999996,55386.500100000005,64058.000100000056,58186.25010000003,59030.50010000005,195834.87530000016,833.2503000000943,181274.75030000013,198.87263747482274,0.9801491304596274,0.08990049444339579,0.6554416200260269,1576.3406,67.43368738356452,67.43368738356452,398.28192,103.66492961460933,103.66492961460933,5
89.08082349471424,-20.369654583219603,-82.30498507093168,16.41491062977633,6.35,0.03,0.05,0.0,6.32,0.0,12.38,12.31,11.78,0.28,20.45,0.01,13.43,10.01,8.79,0.76,17379.62510000004,39931.75010000005,476113.50010000006,-4209.999899999936,-6058.249899999981,64935.50010000002,108480.75010000008,136791.75010000006,119017.50010000002,533424.8753000002,54667.2503000001,364290.00030000013,184.61425380883614,0.9814158515732169,0.04348205122773975,0.6363038487421911,1453.2452,77.30206513875983,77.30206513875983,796.12866,86.72282053837047,86.72282053837047,22
111.61417605146482,-23.11452433442513,-101.18700426569805,30.385437308238885,0.26,0.0,0.0,0.0,0.26,0.0,2.5,2.47,21.24,1.41,14.79,1.35,2.0,1.65,7.12,1.56,-17297.24989999996,18370.25010000006,244244.50010000003,-41674.8749,-59287.99990000001,-37829.99989999999,66793.75010000003,82929.00010000015,95674.0001,245317.50030000013,-138792.87470000001,245396.7503000002,101.5471607215668,0.9886750972815266,0.09750826836279382,0.6729184721796683,2458.2307,14.923082553903072,14.923082553903072,-1965.3572,172.07148927581653,172.07148927581653,19
110.81456672348722,-21.915391590599715,-99.63046317729766,30.00667618492165,0.12,0.0,0.0,0.0,0.12,0.0,1.91,1.91,17.84,1.94,13.19,0.34,4.62,2.86,18.94,1.82,4284.000100000028,16558.500100000023,170669.00010000003,-40506.249899999966,-56985.49989999998,-61596.999899999995,60929.125100000056,63700.25009999999,84060.5001,191511.50030000007,-159088.74969999993,208689.87530000004,198.32837211257873,0.9807763505477131,0.07527235487023592,0.6112319869182967,1310.3079,70.73023014051742,70.73023014051742,101.6194,115.93287592150277,115.93287592150277,2
109.68946079183988,-21.41783097324578,-98.39759026990426,27.618395687885307,0.23,0.01,0.01,0.0,0.22,0.0,2.28,2.1,16.66,1.43,13.28,0.35,5.61,3.37,19.62,1.83,-44793.37490000003,20676.25010000004,144288.50010000003,-50171.874899999995,-70578.99990000002,-19935.99989999998,78480.37510000003,84385.25010000002,72088.50010000002,120171.37530000004,-140686.8747,234954.12530000007,260.9984647281642,0.97455133558622,0.08382220739267017,0.5987117378975284,1261.7568,78.39809175275676,78.39809175275676,712.4705,97.31017319133018,97.31017319133018,5
106.42344809972599,-21.27127177356282,-95.86300234368439,26.65828057096197,0.41,0.01,0.01,0.0,0.4,0.0,2.23,2.15,21.91,1.03,15.15,0.66,4.74,2.9,15.72,2.07,-60618.99989999999,-24024.999899999955,167900.00010000003,-75494.74990000002,-39302.749899999966,58578.500100000034,83745.00010000006,58827.75009999999,84157.50010000003,83256.00030000009,-56218.99969999996,226730.2503000001,275.2671507667162,0.9729715126243886,0.08343141168176885,0.5950611408754041,1281.7943,79.63907355999818,79.63907355999818,578.86487,104.77676957377541,104.77676957377541,3
111.84738635230326,-23.51394238070743,-101.68095623022873,27.602618524825616,0.28,0.01,0.01,0.0,0.28,0.0,2.12,2.01,18.74,1.42,13.94,0.6,4.88,2.83,11.89,1.58,32669.25010000006,27107.25010000001,271488.5001,-51436.37489999999,-19911.24989999998,49369.50010000001,76879.50010000003,55787.00010000005,64896.0001,331265.0003000001,-21978.12469999995,197562.50030000007,262.36809155046467,0.9746739653247696,0.08791090292687198,0.6196793661322699,1315.916,78.26380911985979,78.26380911985979,914.0158,94.04099407762033,94.04099407762033,4
112.52515832007957,-22.66093453758818,-101.49609931395398,28.32655489917112,0.22,0.01,0.01,0.0,0.22,0.0,2.2,2.03,14.46,1.22,12.1,0.49,5.65,3.45,23.48,1.68,-32626.49989999999,26427.000100000027,176610.00010000003,-33879.6249,-42332.24989999999,45607.500100000005,56165.625100000034,59674.75010000001,78705.50010000002,170410.50030000007,-30604.374699999986,194545.87530000007,266.7852329667163,0.9741041761094283,0.07676632943979379,0.5965734497562519,1231.4241,79.54239323267271,79.54239323267271,565.0131,105.40012457577261,105.40012457577261,5
104.87928826552482,-19.89980061951478,-93.61686580985274,26.419785601836995,0.45,0.01,0.01,0.0,0.45,0.0,2.32,2.31,30.47,1.02,12.55,0.91,3.73,2.79,7.03,1.3,26089.375100000063,20867.50010000004,231257.00010000003,-68315.74990000002,-36321.74989999999,55232.50010000003,98076.00010000009,53642.75010000003,80533.50010000005,278213.87530000013,-49404.99969999999,232252.2503000002,146.6673602871972,0.9826716427904122,0.09780753084653047,0.644906717175205,1750.1538,52.653864919533845,52.653864919533845,-298.11905,153.7857679022836,153.7857679022836,12
100.39838129728486,-28.966845444775135,-97.59701053389463,18.133955854807013,3.06,0.04,0.05,0.0,3.04,0.0,12.43,12.22,11.43,0.23,18.48,0.0,6.51,3.2,12.07,1.29,-12677.374899999886,-17677.749899999933,-43315.499899999966,-3771.7498999999248,-11984.24989999999,40267.50010000003,71693.12510000009,82199.25010000002,76454.50009999999,-73670.62469999978,24511.500300000112,230346.87530000013,209.00057734191913,0.9836214137393353,0.09908554945502838,0.7364424158329941,1496.5118,61.63567129243598,61.63567129243598,160.29803,103.38803944869154,103.38803944869154,5
100.50479961892164,-28.9771137601131,-97.68401626494219,15.451641361295204,5.54,0.03,0.05,0.0,5.53,0.0,17.28,17.25,9.5,0.17,15.45,0.0,9.27,7.29,10.34,0.97,11434.375100000047,25906.00010000004,424578.00010000006,2869.000100000045,-58643.4999,118207.00010000003,154504.0001000001,172584.00010000003,126418.00010000002,461918.37530000013,62432.50030000008,453506.00030000013,190.67725864085844,0.9832545926353932,0.05813162280004019,0.6693391388783723,1695.7826,65.91321299405824,65.91321299405824,240.71407,106.12437180613925,106.12437180613925,4
